Event,Count,Relative(%),Overhead(%)
instructions,34542848072,100,-.14
branch-instructions,5715236283,16.545353,1.14
branch-misses,730670051,2.115257,-3.15
cache-misses,326650595,.945638,-2.72
cache-references,3385411362,9.800614,-2.37
cpu-cycles,97225036769,281.462132,-1.31
ref-cycles,85385269600,247.186536,-.23
stalled-cycles-backend,52534830116,152.085983,-.14
stalled-cycles-frontend,74285926143,215.054433,-.25
